Date,Open,High,Low,Close,Volume,Daily_Return,MA20,MA50,MA200,Volatility_30,Cumulative_Return
2024-01-23,41.9,45.4,41.9,43.9,715984,,,,,,
2024-01-24,41.5,43.3,41.5,42.4,170898,-0.034168564920273314,,,,,0.9658314350797267
2024-01-25,41.5,42.0,40.5,40.6,192328,-0.04245283018867918,,,,,0.9248291571753987
2024-01-28,40.1,41.1,38.0,38.4,127931,-0.054187192118226646,,,,,0.8747152619589977
2024-01-29,39.7,39.9,37.3,38.0,227864,-0.01041666666666663,,,,,0.8656036446469249
2024-01-30,38.6,40.4,38.3,38.9,180513,0.023684210526315752,,,,,0.8861047835990888
2024-01-31,39.0,39.2,38.4,38.7,59011,-0.005141388174807138,,,,,0.8815489749430524
2024-02-01,38.5,42.5,38.4,41.4,193166,0.06976744186046502,,,,,0.9430523917995444
2024-02-04,41.4,45.0,41.4,42.3,275618,0.021739130434782483,,,,,0.9635535307517082
2024-02-05,42.8,44.4,42.0,43.5,207350,0.028368794326241176,,,,,0.990888382687927
2024-02-06,43.9,44.0,42.2,42.7,142578,-0.018390804597701038,,,,,0.9726651480637813
2024-02-07,42.5,43.0,41.5,42.6,155704,-0.0023419203747072626,,,,,0.9703872437357631
2024-02-08,42.4,42.9,42.0,42.3,182498,-0.007042253521126862,,,,,0.9635535307517084
2024-02-11,43.3,44.4,42.3,43.8,498751,0.03546099290780136,,,,,0.9977220956719817
2024-02-12,44.3,45.2,43.0,43.3,233966,-0.011415525114155223,,,,,0.9863325740318906
2024-02-13,43.4,44.1,42.5,42.6,183172,-0.016166281755196188,,,,,0.9703872437357631
2024-02-14,43.0,43.0,41.5,41.9,99282,-0.016431924882629123,,,,,0.9544419134396356
2024-02-15,41.0,42.5,41.0,41.8,95617,-0.0023866348448687846,,,,,0.9521640091116174
2024-02-18,41.7,41.7,40.8,41.0,88872,-0.019138755980861122,,,,,0.9339407744874717
2024-02-19,40.4,41.0,40.3,40.6,53108,-0.009756097560975618,41.535000000000004,,,,0.9248291571753988
2024-02-20,40.2,40.9,40.1,40.6,63078,0.0,41.37,,,,0.9248291571753988
2024-02-22,40.9,41.2,40.0,40.2,99860,-0.009852216748768461,41.260000000000005,,,,0.9157175398633259
2024-02-25,40.2,40.3,39.9,40.0,70533,-0.004975124378109541,41.230000000000004,,,,0.9111617312072894
2024-02-27,40.1,40.4,39.9,40.1,48524,0.0024999999999999467,41.315000000000005,,,,0.9134396355353076
2024-02-28,40.0,40.4,40.0,40.0,69649,-0.0024937655860349794,41.415000000000006,,,,0.9111617312072893
2024-02-29,40.0,40.4,39.8,39.8,78570,-0.0050000000000001155,41.459999999999994,,,,0.9066059225512527
2024-03-03,40.0,40.0,39.3,39.4,56808,-0.01005025125628134,41.495,,,,0.8974943052391798
2024-03-04,39.3,39.8,38.8,39.0,77633,-0.01015228426395931,41.375,,,,0.8883826879271071
2024-03-05,40.0,40.0,38.8,39.0,50462,0.0,41.209999999999994,,,,0.8883826879271071
2024-03-06,39.0,39.5,38.5,39.1,68164,0.002564102564102555,40.989999999999995,,,,0.8906605922551253
2024-03-07,40.0,40.0,38.6,38.8,174133,-0.007672634271099876,40.795,,,0.02312643178600639,0.8838268792710705
2024-03-10,39.2,39.2,38.5,38.7,68408,-0.002577319587628746,40.6,,,0.022406405364688284,0.8815489749430524
2024-03-11,38.5,39.1,38.0,38.2,61706,-0.012919896640826822,40.394999999999996,,,0.021221549715999936,0.8701594533029613
2024-03-12,38.0,39.0,37.7,38.2,33129,0.0,40.114999999999995,,,0.018775213568347368,0.8701594533029613
2024-03-13,39.8,39.8,37.2,37.5,65752,-0.01832460732984298,39.825,,,0.0189807756455989,0.8542141230068336
2024-03-14,37.6,37.6,37.0,37.1,72151,-0.010666666666666602,39.55,,,0.01851623342844641,0.8451025056947608
2024-03-18,38.4,38.4,35.7,36.0,117637,-0.02964959568733161,39.255,,,0.019213757475422543,0.8200455580865602
2024-03-19,35.1,36.4,33.8,34.0,223122,-0.05555555555555558,38.864999999999995,,,0.016443708434561277,0.7744874715261957
2024-03-20,35.0,35.0,34.2,34.4,92948,0.0117647058823529,38.535,,,0.015948281641449374,0.7835990888382686
2024-03-21,35.5,37.3,35.0,36.7,208131,0.06686046511627919,38.339999999999996,,,0.019923437519391088,0.8359908883826878
2024-03-24,37.0,37.1,36.0,36.3,208878,-0.010899182561308063,38.125,,,0.01980236020475064,0.8268792710706148
2024-03-25,35.8,36.6,35.4,36.2,126895,-0.0027548209366389242,37.925,,,0.019800441008257407,0.8246013667425967
2024-03-27,37.8,37.8,34.8,35.6,181292,-0.016574585635359185,37.705,,,0.01990681765956034,0.8109339407744872
2024-03-28,36.9,36.9,35.0,36.0,44855,0.011235955056179803,37.5,,,0.018637048106207834,0.8200455580865601
2024-03-31,36.0,36.8,35.5,36.6,129941,0.016666666666666607,37.33,,,0.01907394520572076,0.8337129840546694
2024-04-01,36.8,36.9,35.8,36.7,116183,0.002732240437158584,37.175,,,0.01901856938840796,0.8359908883826878
2024-04-02,36.1,36.8,35.4,36.7,89004,0.0,37.040000000000006,,,0.01890782752934776,0.8359908883826878
2024-04-03,36.5,37.5,36.2,37.3,158775,0.01634877384196165,36.955,,,0.019276821339717896,0.849658314350797
2024-04-08,35.5,36.3,34.5,36.0,108612,-0.03485254691688999,36.805,,,0.019916169754752397,0.8200455580865601
2024-04-09,35.9,36.4,35.4,36.3,147823,0.008333333333333304,36.665000000000006,39.224000000000004,,0.020013720159162314,0.8268792710706148
2024-04-15,35.1,36.0,34.7,35.4,159842,-0.024793388429751984,36.495,39.053999999999995,,0.020371543795457345,0.8063781321184508
2024-04-16,35.0,35.6,34.5,35.3,143412,-0.0028248587570621764,36.325,38.912000000000006,,0.02034658372329216,0.8041002277904326
2024-04-17,35.0,35.4,35.0,35.1,150982,-0.005665722379603277,36.17,38.802,,0.020347970080561936,0.7995444191343962
2024-04-18,34.6,34.7,32.9,33.2,228878,-0.054131054131054124,35.92,38.698,,0.0222481568643206,0.75626423690205
2024-04-21,34.4,34.4,32.2,32.4,207836,-0.024096385542168752,35.665000000000006,38.586,,0.022477995350341673,0.7380410022779041
2024-04-22,32.4,33.2,32.4,32.9,133764,0.015432098765432167,35.455,38.466,,0.022839640810026127,0.7494305239179954
2024-04-23,33.0,33.1,32.3,32.6,152768,-0.009118541033434568,35.285000000000004,38.343999999999994,,0.02283468058472481,0.7425968109339407
2024-04-24,33.0,33.0,31.2,31.9,153216,-0.021472392638036908,35.18,38.154,,0.02299787392353956,0.726651480637813
2024-04-25,31.9,31.9,31.0,31.2,156708,-0.021943573667711602,35.02,37.932,,0.023135181082195425,0.7107061503416855
2024-04-28,32.7,32.7,31.0,32.4,69354,0.03846153846153855,34.805,37.71,,0.024540668255935635,0.7380410022779043
2024-04-29,32.7,32.9,32.3,32.7,63197,0.0092592592592593,34.625,37.51,,0.024694033339772027,0.7448747152619589
2024-04-30,32.8,33.5,32.4,32.9,137299,0.006116207951070152,34.46,37.316,,0.02477905154462139,0.7494305239179953
2024-05-02,33.5,33.5,32.5,33.0,149732,0.003039513677811634,34.33,37.13,,0.024776717004217064,0.7517084282460136
2024-05-05,33.5,34.0,32.6,33.5,186993,0.015151515151515138,34.205,36.924,,0.025026233741371137,0.7630979498861047
2024-05-06,34.2,34.7,33.4,34.5,215836,0.029850746268656803,34.1,36.748000000000005,,0.025618248942396414,0.785876993166287
2024-05-07,34.5,35.2,34.0,34.1,194242,-0.011594202898550732,33.97,36.577999999999996,,0.02562905452740554,0.7767653758542141
2024-05-08,35.0,35.0,34.1,34.3,80532,0.00586510263929596,33.85,36.426,,0.02514692180265803,0.7813211845102503
2024-05-09,34.9,34.9,33.6,34.0,40355,-0.008746355685131157,33.685,36.27,,0.02302764755973962,0.7744874715261957
2024-05-12,33.7,34.5,33.3,33.5,40921,-0.014705882352941124,33.56,36.12,,0.023078504093124678,0.7630979498861046
2024-05-13,34.0,34.3,32.8,33.0,48432,-0.014925373134328401,33.394999999999996,35.967999999999996,,0.019362930862424247,0.7517084282460135
2024-05-14,33.1,33.5,32.5,32.5,121479,-0.015151515151515138,33.25,35.806,,0.019435501189607265,0.7403189066059224
2024-05-15,35.2,35.2,32.0,32.3,72919,-0.006153846153846287,33.1,35.648,,0.019440942492314053,0.7357630979498858
2024-05-16,32.9,32.9,32.0,32.1,52177,-0.006191950464396134,32.95,35.49,,0.019294022849538354,0.7312072892938495
2024-05-19,31.4,32.1,31.2,31.2,35244,-0.028037383177570208,32.85,35.312000000000005,,0.019606207347169783,0.7107061503416854
2024-05-20,30.5,32.8,30.3,31.0,57497,-0.0064102564102563875,32.78,35.132000000000005,,0.019192547829639618,0.7061503416856489
2024-05-21,30.5,32.2,30.5,31.2,35418,0.006451612903225712,32.695,34.96,,0.01925839628115756,0.7107061503416853
2024-05-23,32.9,32.9,30.3,30.3,19225,-0.028846153846153855,32.58,34.778,,0.01970391238149485,0.6902050113895213
2024-05-26,29.6,30.5,29.4,29.9,69433,-0.01320132013201325,32.480000000000004,34.596,,0.019272834438140915,0.6810933940774484
2024-05-27,29.6,32.0,29.6,31.0,46787,0.03678929765886285,32.47,34.436,,0.020142498251690604,0.7061503416856488
2024-05-28,30.2,31.7,30.1,30.2,46190,-0.02580645161290329,32.36,34.257999999999996,,0.02033979195130178,0.6879271070615031
2024-05-29,30.2,30.4,29.3,29.5,68464,-0.023178807947019875,32.2,34.071999999999996,,0.020290188021828942,0.6719817767653755
2024-05-30,29.3,30.8,28.8,30.6,30548,0.03728813559322042,32.084999999999994,33.91,,0.02176515315253892,0.6970387243735761
2024-06-02,31.8,31.8,29.7,29.7,23964,-0.02941176470588247,31.919999999999998,33.74,,0.022234884141688917,0.676537585421412
2024-06-03,30.6,30.6,29.4,29.6,33149,-0.0033670033670032407,31.725,33.568000000000005,,0.020233202784937968,0.6742596810933938
2024-06-04,29.7,30.1,29.5,29.9,53690,0.010135135135135087,31.494999999999997,33.416,,0.020002652724409268,0.6810933940774485
2024-06-05,29.3,29.7,29.3,29.4,15380,-0.01672240802675584,31.26,33.262,,0.019870761795366263,0.6697038724373574
2024-06-06,28.8,29.7,28.8,29.4,40063,0.0,31.014999999999997,33.13,,0.019852418590882992,0.6697038724373574
2024-06-09,29.8,29.8,29.0,29.1,23338,-0.010204081632652962,30.77,33.032,,0.019600736473432336,0.6628701594533029
2024-06-10,29.4,29.5,28.5,28.5,35604,-0.020618556701030966,30.52,32.914,,0.019557727763158374,0.6492027334851935
2024-06-11,27.9,28.8,27.7,27.9,71601,-0.021052631578947434,30.264999999999997,32.738,,0.018196042793946456,0.6355353075170842
2024-06-12,27.1,28.9,27.1,27.5,23377,-0.014336917562723928,30.014999999999997,32.562000000000005,,0.018076386844263298,0.6264236902050113
2024-06-13,27.5,28.0,26.7,27.2,93277,-0.01090909090909098,29.76,32.382,,0.01796279648501662,0.6195899772209567
2024-06-19,28.7,28.7,27.0,27.5,7160,0.011029411764705843,29.53,32.22,,0.01816212766052571,0.6264236902050113
2024-06-20,27.8,28.6,27.6,28.5,83971,0.036363636363636376,29.395,32.07,,0.019381905268159475,0.6492027334851935
2024-06-23,28.3,29.7,28.3,29.2,84343,0.024561403508772006,29.304999999999996,31.921999999999997,,0.019073735306184777,0.6651480637813212
2024-06-24,29.4,29.6,28.4,29.5,225621,0.010273972602739656,29.22,31.778,,0.01924474796922478,0.6719817767653758
2024-06-25,29.7,29.9,29.0,29.8,162101,0.01016949152542379,29.195,31.64,,0.019341577000011993,0.6788154897494305
2024-06-26,29.9,30.5,29.3,30.4,94967,0.020134228187919323,29.22,31.502,,0.01983522619715017,0.6924829157175397
2024-06-27,30.9,30.9,29.6,30.1,165518,-0.009868421052631526,29.175,31.383999999999997,,0.019760801071605674,0.6856492027334851
2024-06-30,30.5,30.5,29.2,29.5,41533,-0.019933554817275767,29.140000000000004,31.247999999999998,,0.019882538308887417,0.6719817767653757
2024-07-02,29.5,29.9,29.2,29.4,76289,-0.003389830508474634,29.135,31.128,,0.01976127624355572,0.6697038724373575
2024-07-03,29.4,30.6,29.2,30.4,164071,0.03401360544217691,29.125,31.03,,0.020879715548550355,0.6924829157175397
2024-07-04,30.4,33.0,30.2,32.5,158056,0.06907894736842102,29.264999999999997,30.978,,0.024537079893462373,0.7403189066059224
2024-07-07,32.5,34.0,32.1,33.8,188765,0.039999999999999813,29.474999999999994,30.99,,0.02493049404530277,0.7699316628701591
2024-07-08,33.8,33.8,32.8,33.2,184683,-0.017751479289940697,29.639999999999997,31.006000000000004,,0.025162511675424083,0.7562642369020499
2024-07-09,33.5,33.5,32.3,32.4,161041,-0.024096385542168752,29.79,30.996,,0.02561487538652655,0.738041002277904
2024-07-10,32.6,34.9,32.6,33.2,128470,0.024691358024691468,29.98,31.008000000000003,,0.025285469895099253,0.7562642369020499
2024-07-11,33.0,33.3,32.4,32.5,42852,-0.02108433734939763,30.15,31.02,,0.025503487553649347,0.7403189066059224
2024-07-14,33.4,33.4,32.0,32.2,37546,-0.009230769230769154,30.335,31.04,,0.02478060249641974,0.7334851936218677
2024-07-15,32.2,32.9,32.1,32.3,57595,0.0031055900621115295,30.555,31.038,,0.02423585035548418,0.7357630979498857
2024-07-16,32.1,33.5,32.1,33.2,143366,0.02786377708978338,30.839999999999996,31.048000000000002,,0.024160845969090683,0.7562642369020498
2024-07-18,33.0,33.4,32.3,33.0,107075,-0.006024096385542244,31.129999999999995,31.05,,0.023399038973073483,0.7517084282460132
2024-07-24,32.8,32.8,32.1,32.1,22240,-0.027272727272727226,31.359999999999996,31.031999999999996,,0.02330061207175272,0.7312072892938493
2024-07-25,32.9,32.9,32.1,32.8,23321,0.02180685358255441,31.575,31.017999999999997,,0.023521176404416946,0.7471526195899767
2024-07-28,32.5,32.8,31.9,31.9,149787,-0.027439024390243816,31.71,30.965999999999998,,0.02415797342510613,0.7266514806378128
2024-07-29,32.4,32.7,31.1,31.4,75400,-0.01567398119122254,31.805,30.912000000000003,,0.024130040978893423,0.7152619589977217
2024-07-30,31.8,31.8,30.5,30.5,42043,-0.0286624203821656,31.839999999999996,30.836000000000002,,0.024789773312472282,0.6947608200455577
2024-07-31,31.3,31.3,29.9,30.2,25200,-0.00983606557377048,31.830000000000002,30.76,,0.024783862909616903,0.6879271070615031
2024-08-01,31.0,31.0,29.5,30.1,73016,-0.0033112582781456013,31.829999999999995,30.692000000000004,,0.024449692612604462,0.685649202733485
2024-08-04,29.2,29.4,29.2,29.2,33549,-0.029900332225913706,31.814999999999998,30.616000000000003,,0.024789690196227617,0.6651480637813209
2024-08-06,29.2,32.1,29.2,32.1,151914,0.09931506849315075,31.95,30.608,,0.03030690566031594,0.7312072892938494
2024-08-07,32.6,35.3,32.6,35.3,370725,0.09968847352024901,32.195,30.667999999999996,,0.034645463951015296,0.8041002277904323
2024-08-08,38.7,38.8,37.0,38.8,580151,0.09915014164305958,32.510000000000005,30.802,,0.03833715120627061,0.8838268792710702
2024-08-11,42.6,42.6,38.2,42.1,1074386,0.08505154639175272,32.925,31.02,,0.040370875099245154,0.9589977220956716
2024-08-12,42.2,42.2,40.9,40.9,388127,-0.028503562945368266,33.31,31.217999999999996,,0.04104219771405016,0.9316628701594528
2024-08-13,40.0,40.2,39.7,39.7,303679,-0.02933985330073341,33.675,31.387999999999998,,0.04173369550221298,0.9043280182232343
2024-08-14,40.4,42.3,38.6,41.4,841338,0.04282115869017611,34.084999999999994,31.61,,0.04214158281156612,0.9430523917995438
2024-08-15,41.5,43.8,40.2,42.5,673631,0.026570048309178862,34.584999999999994,31.862000000000002,,0.042201564585011446,0.9681093394077444
2024-08-18,42.5,42.5,41.3,41.3,144328,-0.028235294117647136,35.040000000000006,32.068000000000005,,0.042661396179991894,0.9407744874715256
2024-08-19,41.1,42.1,40.1,40.1,349390,-0.029055690072639084,35.43,32.266,,0.04292448837277795,0.913439635535307
2024-08-20,39.2,40.7,38.9,38.9,127630,-0.029925187032418976,35.715,32.454,,0.04350381137974522,0.8861047835990884
2024-08-21,37.8,38.9,37.8,37.8,36401,-0.028277634961439646,35.955,32.598,,0.04381642767251788,0.8610478359908879
2024-08-22,36.7,38.8,36.7,38.5,315284,0.0185185185185186,36.275,32.774,,0.042340942155985904,0.8769931662870155
2024-08-25,38.5,39.5,38.5,39.0,175653,0.01298701298701288,36.584999999999994,32.961999999999996,,0.041888746905621554,0.8883826879271065
2024-08-27,38.5,39.6,38.2,39.2,97187,0.00512820512820511,36.95,33.148,,0.04165660322856254,0.892938496583143
2024-08-28,39.2,39.8,38.7,39.2,138400,0.0,37.339999999999996,33.344,,0.04127968609468067,0.892938496583143
2024-08-29,39.8,40.4,39.0,39.9,182995,0.017857142857142794,37.81,33.553999999999995,,0.041198402502402316,0.9088838268792705
2024-09-01,40.0,41.1,40.0,40.6,208869,0.01754385964912286,38.33,33.784,,0.04089497188901229,0.924829157175398
2024-09-02,41.7,41.7,39.6,39.7,297921,-0.02216748768472898,38.81,34.008,,0.04115276734678821,0.9043280182232342
2024-09-03,40.0,40.2,39.5,39.5,148486,-0.005037783375314908,39.325,34.24,,0.041211565306491525,0.8997722095671977
2024-09-04,39.1,39.7,38.9,39.0,76173,-0.012658227848101222,39.67,34.47,,0.04118589647171379,0.8883826879271066
2024-09-05,39.8,39.8,38.6,38.7,88670,-0.007692307692307665,39.84,34.7,,0.0412040509961094,0.881548974943052
2024-09-08,39.7,39.7,37.4,37.6,167543,-0.02842377260981921,39.779999999999994,34.902,,0.04123673579493001,0.8564920273348514
2024-09-09,37.6,38.2,36.8,37.3,110846,-0.007978723404255428,39.540000000000006,35.078,,0.04120349911211166,0.8496583143507966
2024-09-10,37.3,38.6,36.9,37.3,60953,0.0,39.36,35.24,,0.04075881063979153,0.8496583143507966
2024-09-11,37.5,38.0,37.4,37.6,72606,0.008042895442359255,39.255,35.402,,0.04055344601269092,0.8564920273348513
2024-09-12,38.4,38.4,37.4,37.7,55806,0.0026595744680850686,39.07000000000001,35.56,,0.040008803953085134,0.8587699316628695
2024-09-15,37.5,38.5,37.3,37.8,61271,0.0026525198938991412,38.835,35.708,,0.0398833945664381,0.8610478359908877
2024-09-17,37.8,38.4,37.5,38.3,49159,0.013227513227513255,38.684999999999995,35.872,,0.03983235907156559,0.8724373576309788
2024-09-18,38.2,38.2,37.2,37.3,70083,-0.026109660574412552,38.545,36.028,,0.03971118719173771,0.8496583143507966
2024-09-19,37.5,38.4,37.3,38.2,97435,0.024128686327077986,38.51,36.204,,0.03601006611132288,0.8701594533029609
2024-09-22,37.8,39.0,36.9,37.1,156483,-0.028795811518324665,38.475,36.337999999999994,,0.03194611944940927,0.8451025056947603
2024-09-23,37.1,37.7,37.1,37.6,60397,0.013477088948786964,38.43,36.44,,0.026306303418734467,0.8564920273348513
2024-09-24,37.1,38.5,37.1,37.6,34987,0.0,38.36,36.516,,0.020737795224318917,0.8564920273348513
2024-09-25,37.6,37.6,35.3,35.8,128781,-0.04787234042553201,38.19,36.568,,0.02181489596997018,0.8154897494305232
2024-09-26,35.4,37.3,35.1,35.4,113857,-0.011173184357541888,38.0,36.628,,0.02133990855179305,0.8063781321184503
2024-09-29,36.2,36.5,35.3,35.6,54493,0.005649717514124353,37.785,36.676,,0.019556689026078426,0.8109339407744868
2024-09-30,36.7,36.7,35.4,36.0,58348,0.011235955056179803,37.555,36.746,,0.018896917174636787,0.8200455580865597
2024-10-01,36.6,36.6,35.1,35.5,34696,-0.01388888888888884,37.345,36.812,,0.018474427384030476,0.8086560364464686
2024-10-02,35.0,35.5,33.4,34.7,62965,-0.022535211267605604,37.105000000000004,36.86,,0.01821656913607456,0.7904328018223228
2024-10-03,34.5,35.0,33.4,33.6,91016,-0.03170028818443804,36.835,36.867999999999995,,0.018304177868717277,0.7653758542141224
2024-10-06,35.3,35.3,33.5,33.6,42783,0.0,36.58,36.88,,0.01776878109786013,0.7653758542141224
2024-10-07,34.3,34.3,33.2,33.3,29129,-0.008928571428571508,36.365,36.904,,0.017281841642368415,0.7585421412300676
2024-10-08,32.4,33.5,32.1,32.6,41092,-0.02102102102102088,36.13,36.9,,0.017198252540463522,0.7425968109339401
2024-10-09,33.9,35.5,32.6,35.0,121294,0.07361963190184051,36.015,36.961999999999996,,0.022446131357368924,0.7972665148063774
2024-10-14,35.4,36.1,34.6,35.0,78204,0.0,35.885000000000005,37.034,,0.022446131357368924,0.7972665148063774
2024-10-15,34.6,35.0,34.5,34.7,30820,-0.008571428571428452,35.735,37.117999999999995,,0.022093671509500715,0.7904328018223229
2024-10-16,34.4,35.1,34.0,34.1,55375,-0.01729106628242083,35.55,37.196000000000005,,0.02181366231980641,0.7767653758542135
2024-10-17,33.5,34.6,33.5,33.8,107479,-0.008797653958944385,35.325,37.27,,0.021598426912693758,0.7699316628701587
2024-10-20,34.6,36.5,33.8,35.0,173966,0.03550295857988184,35.21,37.385999999999996,,0.022836899298250567,0.7972665148063774
2024-10-21,36.3,36.3,35.0,36.2,220042,0.034285714285714475,35.11,37.468,,0.023795404747341996,0.8246013667425962
2024-10-22,37.0,37.5,35.9,36.9,240997,0.01933701657458542,35.1,37.5,,0.02409054654231724,0.8405466970387235
2024-10-23,37.0,37.0,35.6,36.0,61674,-0.024390243902438935,35.019999999999996,37.444,,0.023944813504729184,0.8200455580865597
2024-10-24,36.4,36.4,35.0,35.1,103971,-0.02499999999999991,34.894999999999996,37.304,,0.024310469189508205,0.7995444191343958
2024-10-27,34.3,36.1,33.4,33.7,102628,-0.03988603988603989,34.790000000000006,37.16,,0.025283142926968906,0.7676537585421407
2024-10-28,33.7,34.4,33.0,33.0,112625,-0.020771513353115778,34.67,37.025999999999996,,0.025393437031725488,0.7517084282460131
2024-10-29,32.7,35.0,32.7,34.1,190952,0.03333333333333344,34.595000000000006,36.88,,0.026274409957376423,0.7767653758542137
2024-10-30,34.7,35.7,34.4,35.5,582697,0.04105571847507328,34.57000000000001,36.74,,0.027468171610856105,0.8086560364464688
2024-10-31,36.9,36.9,33.6,35.0,226648,-0.014084507042253502,34.545,36.614000000000004,,0.027407897189347025,0.7972665148063777
2024-11-03,35.4,35.4,33.9,34.1,282849,-0.02571428571428569,34.515,36.494,,0.02739631505789669,0.7767653758542137
2024-11-04,34.1,35.6,33.8,35.1,641759,0.029325513196480912,34.589999999999996,36.418,,0.027587088202861033,0.7995444191343959
2024-11-05,35.7,36.7,35.2,35.5,520155,0.01139601139601143,34.685,36.372,,0.027237402116942287,0.8086560364464688
2024-11-06,35.0,35.0,33.7,34.1,651171,-0.03943661971830981,34.725,36.284,,0.027963550513937015,0.7767653758542137
2024-11-07,34.1,34.6,33.5,33.7,688505,-0.011730205278592365,34.78,36.178000000000004,,0.028003910598451275,0.7676537585421408
2024-11-10,33.7,34.0,32.9,33.1,206703,-0.017804154302670683,34.684999999999995,36.056,,0.02686748475546782,0.7539863325740315
2024-11-11,33.1,33.5,32.9,33.2,371444,0.0030211480362538623,34.595,35.936,,0.02683017700308544,0.7562642369020498
2024-11-12,34.2,34.6,33.7,34.0,412715,0.02409638554216853,34.56,35.818000000000005,,0.02721524412858964,0.7744874715261955
2024-11-13,34.5,34.5,33.4,33.7,156427,-0.008823529411764675,34.540000000000006,35.68,,0.02714605950951325,0.7676537585421408
2024-11-14,33.7,34.8,33.7,34.5,276723,0.023738872403560762,34.575,35.576,,0.027438182629067553,0.7858769931662866
2024-11-17,34.6,34.7,34.2,34.2,140423,-0.008695652173912993,34.535,35.47,,0.027171584596243303,0.7790432801822319
2024-11-18,34.5,35.0,33.4,33.6,156037,-0.01754385964912286,34.405,35.361999999999995,,0.0267236606226315,0.7653758542141226
2024-11-19,33.7,34.1,33.3,33.5,192269,-0.0029761904761904656,34.235,35.258,,0.02673049252805401,0.7630979498861044
2024-11-20,33.5,34.9,33.5,34.7,477896,0.03582089552238821,34.17,35.2,,0.027440285074226647,0.7904328018223231
2024-11-21,34.9,35.0,33.8,33.9,124250,-0.023054755043227737,34.11,35.132,,0.027500882914293496,0.7722095671981772
2024-11-24,33.7,34.0,33.7,33.8,120128,-0.002949852507374673,34.114999999999995,35.062000000000005,,0.023911557749428967,0.769931662870159
2024-11-25,33.8,34.3,33.5,33.5,222694,-0.008875739644970349,34.14,34.98,,0.023955075518026923,0.7630979498861044
2024-11-26,33.8,34.2,32.7,33.0,246715,-0.014925373134328401,34.084999999999994,34.886,,0.024050553434149958,0.7517084282460132
2024-11-27,33.0,34.0,33.0,33.5,335387,0.015151515151515138,33.985,34.8,,0.02404050894477194,0.7630979498861044
2024-11-28,33.6,34.2,33.2,33.4,607837,-0.0029850746268657025,33.904999999999994,34.702,,0.023993147326445217,0.7608200455580861
2024-12-01,33.4,34.0,33.2,33.4,58250,0.0,33.870000000000005,34.624,35.281,0.023031842811205377,0.7608200455580861
2024-12-02,33.5,34.0,33.1,33.3,468065,-0.0029940119760479833,33.78,34.525999999999996,35.228,0.02202936595949626,0.7585421412300678
2024-12-03,33.4,34.0,33.2,33.4,512539,0.0030030030030030463,33.675,34.452000000000005,35.183,0.0216687792071614,0.760820045558086
2024-12-04,33.6,35.0,33.5,34.2,1215412,0.023952095808383422,33.68,34.38399999999999,35.151,0.021827076193088157,0.7790432801822319
2024-12-05,34.2,34.6,33.1,33.2,338405,-0.029239766081871288,33.654999999999994,34.296,35.125,0.021997682961753442,0.7562642369020497
2024-12-08,33.5,33.5,32.9,33.1,243982,-0.003012048192771122,33.655,34.242000000000004,35.1005,0.02078241987343068,0.7539863325740315
2024-12-09,33.4,33.8,32.8,32.8,188812,-0.009063444108761476,33.635000000000005,34.19,35.07,0.020494432569860364,0.7471526195899767
2024-12-10,32.9,33.4,32.7,32.9,207856,0.0030487804878049918,33.58,34.135999999999996,35.041000000000004,0.0195185269548625,0.749430523917995
2024-12-11,33.0,33.4,31.3,31.8,440212,-0.03343465045592697,33.485,34.052,34.992999999999995,0.018703762340062102,0.7243735763097946
2024-12-12,31.5,32.2,31.5,31.8,246261,0.0,33.35,33.978,34.9405,0.018605245049359717,0.7243735763097946
2024-12-15,31.9,32.7,31.9,32.4,199872,0.018867924528301883,33.260000000000005,33.931999999999995,34.885,0.018510583548310394,0.7380410022779039
2024-12-17,32.5,33.2,32.5,32.7,243402,0.0092592592592593,33.214999999999996,33.914,34.835,0.01770177759619866,0.7448747152619586
2024-12-18,32.8,33.3,32.5,32.6,175021,-0.003058103975535187,33.17,33.894,34.785,0.01751449998683107,0.7425968109339404
2024-12-19,32.3,33.2,32.2,32.2,150986,-0.012269938650306678,33.045,33.872,34.734500000000004,0.016202097390625187,0.7334851936218675
2024-12-22,32.4,33.2,32.2,32.8,308280,0.01863354037267073,32.989999999999995,33.876000000000005,34.6795,0.016504816197691462,0.7471526195899768
2024-12-23,32.6,32.9,32.0,32.2,260125,-0.018292682926829062,32.910000000000004,33.82,34.624,0.016522433452171893,0.7334851936218676
2024-12-24,32.4,33.3,32.1,33.0,328936,0.024844720496894235,32.885000000000005,33.78,34.576,0.017163843488627095,0.7517084282460132
2024-12-26,33.0,33.8,32.6,33.1,90854,0.003030303030303161,32.89,33.748000000000005,34.532,0.0165618858982811,0.7539863325740316
2024-12-29,33.1,33.8,32.0,32.2,587361,-0.027190332326283984,32.825,33.71,34.483999999999995,0.01719746332235746,0.7334851936218676
2024-12-30,32.4,32.9,32.4,32.7,116801,0.01552795031055898,32.79,33.688,34.4425,0.016845757694820086,0.7448747152619587
2025-01-01,32.7,32.9,32.4,32.7,366945,0.0,32.755,33.641999999999996,34.403,0.01679503447697792,0.7448747152619587
2025-01-02,32.7,33.0,32.5,32.6,304260,-0.003058103975535187,32.72,33.57,34.363,0.016519604196190005,0.7425968109339405
2025-01-05,33.2,33.2,32.1,32.5,174333,-0.0030674846625767804,32.675,33.482,34.3245,0.016520013078496446,0.7403189066059221
2025-01-06,32.5,33.0,32.2,32.5,104066,0.0,32.589999999999996,33.412000000000006,34.287,0.015000718905580569,0.7403189066059221
2025-01-07,32.5,33.1,32.1,32.2,252670,-0.009230769230769154,32.54,33.354,34.2475,0.014539150736837392,0.7334851936218675
2025-01-08,32.8,32.8,32.0,32.0,190903,-0.006211180124223725,32.485,33.32000000000001,34.2075,0.01456168233768645,0.7289293849658309
2025-01-09,32.2,32.5,31.6,31.7,421670,-0.009375000000000022,32.43,33.294000000000004,34.167,0.014570425448560726,0.7220956719817763
2025-01-12,31.8,32.3,31.4,31.5,97974,-0.006309148264984188,32.36,33.242,34.1275,0.01438522494883628,0.7175398633257398
2025-01-13,32.5,32.5,30.5,30.6,487876,-0.02857142857142858,32.3,33.144,34.085499999999996,0.014852637437599252,0.6970387243735758
2025-01-14,30.6,31.7,30.3,30.6,114426,0.0,32.239999999999995,33.056,34.0435,0.014862088995784967,0.6970387243735758
2025-01-15,30.6,31.4,30.0,30.5,133190,-0.0032679738562092497,32.144999999999996,32.984,34.0005,0.014852778838145793,0.6947608200455575
2025-01-16,30.5,31.0,30.2,30.4,121061,-0.003278688524590234,32.03,32.89,33.9585,0.014852921367850203,0.6924829157175393
2025-01-19,30.4,31.0,30.2,30.6,76487,0.00657894736842124,31.93,32.792,33.918,0.014916352529267402,0.6970387243735758
2025-01-20,30.6,31.4,30.3,31.2,176345,0.019607843137254832,31.880000000000003,32.734,33.882999999999996,0.01466662068518446,0.7107061503416852
2025-01-21,31.3,31.7,31.0,31.2,180949,0.0,31.8,32.684,33.848,0.013805666457869514,0.7107061503416852
2025-01-22,31.3,31.4,31.0,31.1,103027,-0.0032051282051280827,31.744999999999997,32.644,33.816,0.01380621090986155,0.708428246013667
2025-01-23,31.2,31.4,30.9,31.1,130203,0.0,31.65,32.602000000000004,33.786,0.013744955917196988,0.708428246013667
2025-01-26,31.2,31.3,30.8,31.2,246691,0.003215434083601254,31.555,32.546,33.762,0.013746966816713316,0.7107061503416853
2025-01-27,31.3,31.7,31.0,31.3,187480,0.0032051282051281937,31.51,32.498000000000005,33.74850000000001,0.012388532522195305,0.7129840546697035
2025-01-28,31.4,31.5,31.0,31.2,157367,-0.0031948881789137795,31.435000000000002,32.431999999999995,33.7325,0.012398225116964793,0.7107061503416853
2025-01-29,31.3,31.6,31.0,31.0,82580,-0.0064102564102563875,31.35,32.367999999999995,33.704,0.011880480630183881,0.7061503416856488
2025-01-30,31.8,31.8,31.0,31.2,81588,0.006451612903225712,31.28,32.32,33.6785,0.011804408245344773,0.7107061503416852
2025-02-02,31.2,31.6,30.9,31.0,58469,-0.0064102564102563875,31.205000000000002,32.27,33.6525,0.011835524050875778,0.7061503416856487
2025-02-03,31.4,31.4,30.9,30.9,63986,-0.003225806451612967,31.125,32.194,33.629,0.011668595882250934,0.7038724373576305
2025-02-04,30.9,31.4,30.7,30.9,129326,0.0,31.060000000000002,32.134,33.6035,0.011050113320593675,0.7038724373576305
2025-02-05,30.9,31.5,30.9,31.4,130001,0.016181229773462702,31.03,32.086,33.5775,0.011082084019077506,0.7152619589977216
2025-02-06,31.5,32.0,31.2,31.7,165519,0.009554140127388644,31.029999999999994,32.05,33.5525,0.010177692293478929,0.7220956719817764
2025-02-09,31.8,32.2,31.4,31.5,270420,-0.006309148264984188,31.029999999999994,32.02,33.5265,0.010183870346906421,0.7175398633257399
2025-02-10,31.3,31.5,31.1,31.2,100855,-0.009523809523809601,31.060000000000002,31.974,33.496,0.009106904304663757,0.7107061503416852
2025-02-11,31.3,31.7,31.2,31.5,165770,0.009615384615384581,31.105,31.936000000000003,33.4735,0.008795286028342512,0.7175398633257398
2025-02-12,31.6,32.2,31.4,31.5,45509,0.0,31.155,31.898000000000003,33.4495,0.008795286028342512,0.7175398633257398
2025-02-13,31.5,32.0,31.3,31.3,51584,-0.006349206349206327,31.2,31.858,33.428999999999995,0.008839571780570002,0.7129840546697034
2025-02-16,31.4,31.9,31.3,31.5,97181,0.006389776357827559,31.244999999999997,31.82,33.41,0.008943047044764145,0.7175398633257399
2025-02-17,31.6,32.1,31.5,31.7,101869,0.006349206349206327,31.27,31.770000000000003,33.393,0.00904216690946984,0.7220956719817764
2025-02-18,31.5,31.9,31.3,31.3,95032,-0.012618296529968376,31.275,31.732000000000003,33.3835,0.009171426346419643,0.7129840546697035
2025-02-19,31.8,31.8,31.1,31.2,158332,-0.0031948881789137795,31.28,31.694000000000003,33.3775,0.009127665051497567,0.7107061503416853
2025-02-20,31.8,31.8,31.0,31.1,18357,-0.0032051282051280827,31.28,31.66,33.3685,0.008996432400635239,0.7084282460136672
2025-02-23,31.2,31.4,31.1,31.3,83612,0.006430868167202508,31.284999999999997,31.628,33.361999999999995,0.009018186882072244,0.7129840546697036
2025-02-24,31.4,32.0,31.3,31.8,163237,0.015974440894568787,31.310000000000002,31.627999999999997,33.3615,0.007760674301530761,0.7243735763097948
2025-02-25,31.9,32.4,31.7,32.0,225552,0.0062893081761006275,31.35,31.631999999999998,33.365500000000004,0.007808808945211218,0.7289293849658313
2025-02-26,32.0,32.6,31.2,31.5,212033,-0.015625,31.375,31.614,33.361,0.008375508098044507,0.7175398633257402
2025-02-27,31.6,32.5,31.5,32.2,178075,0.022222222222222365,31.425,31.604,33.3585,0.009171029990045425,0.7334851936218678
2025-03-02,32.2,32.5,31.7,31.8,113552,-0.012422360248447228,31.465000000000003,31.587999999999997,33.353,0.009491558173248883,0.7243735763097949
2025-03-03,31.9,32.2,31.7,31.9,83300,0.0031446540880502027,31.515000000000004,31.582000000000004,33.3475,0.008852549632694674,0.726651480637813
2025-03-04,31.9,32.2,31.4,31.5,166116,-0.01253918495297801,31.544999999999998,31.555999999999997,33.3375,0.009180476861606026,0.7175398633257402
2025-03-05,31.5,32.0,31.0,31.1,167493,-0.012698412698412653,31.53,31.534000000000002,33.3205,0.009466738741773659,0.7084282460136673
2025-03-06,31.4,31.8,31.2,31.3,119458,0.006430868167202508,31.51,31.500000000000004,33.3065,0.009538265412409269,0.7129840546697037
2025-03-09,31.3,32.0,31.1,31.2,52656,-0.0031948881789137795,31.495000000000005,31.462,33.291,0.009541520335329155,0.7107061503416855
2025-03-10,31.3,31.7,30.6,30.7,419376,-0.01602564102564108,31.47,31.432,33.274499999999996,0.00995868614890955,0.6993166287015944
2025-03-11,31.0,31.7,30.9,31.0,45195,0.009771986970684043,31.445,31.398000000000003,33.262,0.010122103947657762,0.706150341685649
2025-03-12,31.0,31.3,31.0,31.1,47576,0.003225806451612856,31.425,31.366000000000003,33.2525,0.010069841769484758,0.7084282460136673
2025-03-13,31.2,31.6,31.1,31.3,36251,0.006430868167202508,31.425,31.34,33.2465,0.010069395270105884,0.7129840546697037
2025-03-16,31.3,31.4,30.6,30.9,145673,-0.012779552715655007,31.395000000000003,31.307999999999996,33.2395,0.010277603142671152,0.7038724373576308
2025-03-17,30.9,31.4,30.6,30.7,111135,-0.006472491909385036,31.345,31.272,33.2325,0.01032908939404372,0.6993166287015944
2025-03-18,30.7,31.0,30.7,30.9,42396,0.006514657980456029,31.325,31.246,33.231,0.010400907224904108,0.7038724373576308
2025-03-19,30.9,31.1,30.7,30.8,45140,-0.003236245954692518,31.305,31.221999999999998,33.23,0.009957304400372883,0.7015945330296126
2025-03-20,31.0,31.3,30.8,31.2,142677,0.01298701298701288,31.309999999999995,31.212000000000003,33.23,0.010096709335483728,0.7107061503416854
2025-03-23,31.2,31.4,30.4,30.5,164902,-0.022435897435897467,31.27,31.192000000000004,33.231,0.010821048379447444,0.6947608200455578
2025-03-24,30.0,30.7,29.9,30.4,95264,-0.003278688524590234,31.2,31.188,33.2335,0.010711291270829348,0.6924829157175396
2025-03-25,31.0,32.0,30.4,31.7,474771,0.04276315789473695,31.184999999999995,31.21,33.236999999999995,0.013235954260861684,0.7220956719817766
2025-03-27,31.9,32.1,31.1,31.4,62190,-0.009463722397476393,31.179999999999996,31.228,33.242999999999995,0.013355463360836603,0.7152619589977219
2025-04-06,31.4,31.4,30.9,31.1,86906,-0.009554140127388422,31.125,31.241999999999997,33.251,0.013420492665666426,0.7084282460136674
2025-04-07,31.2,31.7,31.1,31.3,86557,0.006430868167202508,31.1,31.256,33.2545,0.013421182831611977,0.7129840546697038
2025-04-08,31.0,31.5,30.8,31.0,139590,-0.009584664536741228,31.055,31.252,33.260999999999996,0.013471288599692374,0.7061503416856492
2025-04-09,31.0,31.2,30.6,30.7,144266,-0.009677419354838679,31.014999999999997,31.241999999999997,33.2665,0.013391711828366673,0.6993166287015945
2025-04-10,30.4,31.2,30.4,30.7,164434,0.0,30.994999999999997,31.234,33.2705,0.013382728315775388,0.6993166287015945
2025-04-13,30.7,31.2,30.5,30.5,112686,-0.006514657980456029,30.955000000000002,31.221999999999998,33.275999999999996,0.0134197903482929,0.6947608200455581
2025-04-15,31.3,31.3,30.3,30.5,96236,0.0,30.919999999999998,31.208000000000002,33.2815,0.013355430597660565,0.6947608200455581
2025-04-16,30.5,31.2,30.2,30.3,77089,-0.006557377049180357,30.9,31.188,33.2875,0.01300997866922612,0.6902050113895216
2025-04-17,31.0,31.0,30.3,30.5,48786,0.0066006600660066805,30.875,31.174,33.2975,0.013016552546516463,0.6947608200455582
2025-04-20,31.0,32.5,30.6,31.1,397745,0.01967213114754096,30.875,31.176000000000002,33.313500000000005,0.013289829534249217,0.7084282460136675
2025-04-21,31.1,31.6,30.8,30.9,110427,-0.006430868167202619,30.855,31.17,33.3305,0.012625328105768123,0.703872437357631
2025-04-22,30.9,31.0,30.5,30.7,109369,-0.006472491909385036,30.845,31.164,33.348,0.012490539730178607,0.6993166287015946
2025-04-23,30.7,31.0,30.5,30.6,122864,-0.0032573289902279035,30.840000000000003,31.157999999999998,33.3635,0.012470224869558257,0.6970387243735765
2025-04-24,30.9,30.9,30.2,30.4,70779,-0.0065359477124183885,30.815000000000005,31.148000000000003,33.373,0.012331235433784659,0.69248291571754
2025-04-27,30.7,30.7,29.7,30.1,192482,-0.009868421052631526,30.78,31.122,33.3775,0.012250096866687906,0.6856492027334853
2025-04-28,30.3,30.5,30.0,30.1,86554,0.0,30.725,31.09,33.3805,0.012171285168280702,0.6856492027334853
2025-04-29,30.3,30.4,29.9,29.9,114596,-0.006644518272425293,30.695000000000004,31.057999999999996,33.381,0.012206717903926743,0.6810933940774488
2025-04-30,30.1,30.1,29.7,29.7,91445,-0.006688963210702337,30.659999999999997,31.028,33.3775,0.011935563423734842,0.6765375854214124
2025-05-04,30.0,30.0,29.5,29.7,105883,0.0,30.560000000000002,30.991999999999997,33.375499999999995,0.011762543829631312,0.6765375854214124
2025-05-05,30.0,30.0,29.7,29.9,147937,0.006734006734006703,30.485000000000003,30.96,33.3775,0.011826978746262241,0.6810933940774488
2025-05-06,30.0,31.0,29.7,30.4,242522,0.01672240802675584,30.45,30.941999999999997,33.3825,0.012200626149398444,0.69248291571754
2025-05-07,31.2,31.2,29.6,29.7,172988,-0.023026315789473673,30.369999999999997,30.906,33.379,0.01267870032450325,0.6765375854214124
2025-05-08,29.7,30.5,29.7,30.4,158831,0.023569023569023573,30.339999999999996,30.879999999999995,33.368500000000004,0.013416292371756785,0.69248291571754
2025-05-13,30.0,30.0,28.7,28.8,271306,-0.05263157894736836,30.244999999999997,30.83,33.3435,0.01640271211539036,0.6560364464692484
2025-05-14,28.9,28.9,27.7,27.9,176442,-0.03125000000000011,30.105,30.763999999999996,33.317,0.017239069516173045,0.6355353075170843
2025-05-15,27.8,28.0,27.1,27.3,125160,-0.02150537634408589,29.945,30.688,33.2915,0.017276138149450452,0.6218678815489751
2025-05-17,27.3,27.9,26.8,27.8,94131,0.01831501831501825,29.809999999999995,30.618000000000002,33.2645,0.017402286673820242,0.6332574031890662
2025-05-18,27.9,28.4,27.2,27.3,114917,-0.017985611510791366,29.660000000000004,30.528000000000002,33.2385,0.01761803280745932,0.6218678815489751
2025-05-19,27.3,27.8,27.1,27.4,67700,0.00366300366300365,29.505000000000003,30.436,33.2145,0.015388251563562945,0.6241457858769933
2025-05-20,27.8,27.8,27.3,27.5,45299,0.0036496350364965124,29.325,30.355999999999998,33.1905,0.015435366259680203,0.6264236902050117
2025-05-21,27.5,28.0,27.3,27.4,64309,-0.0036363636363636598,29.15,30.26,33.161500000000004,0.015403610204440405,0.6241457858769934
2025-05-22,27.3,27.5,27.2,27.3,71646,-0.0036496350364962904,28.98,30.17,33.133,0.015275449255789487,0.6218678815489752
2025-05-24,27.1,27.5,27.0,27.1,87012,-0.0073260073260073,28.804999999999996,30.074,33.108,0.015254734924317516,0.6173120728929388
2025-05-25,27.3,27.3,26.9,27.0,55147,-0.0036900369003690647,28.634999999999998,29.984,33.07899999999999,0.015221868784009567,0.6150341685649205
2025-05-26,27.0,27.2,26.0,26.7,148227,-0.011111111111111183,28.464999999999996,29.896,33.053000000000004,0.01525234950228194,0.6082004555808659
2025-05-27,26.7,27.6,26.3,26.4,49728,-0.011235955056179803,28.28,29.798,33.028,0.015297838883170302,0.6013667425968112
2025-05-28,26.7,26.9,25.9,26.0,137378,-0.015151515151515138,28.084999999999997,29.694000000000003,33.005500000000005,0.015387646735786376,0.5922551252847383
2025-05-29,26.0,26.9,26.0,26.8,128861,0.030769230769230882,27.940000000000005,29.616,32.9885,0.016724376206933445,0.6104783599088842
2025-06-01,26.9,27.4,26.5,27.1,80329,0.011194029850746245,27.809999999999995,29.538,32.9735,0.01684486027309655,0.6173120728929389
2025-06-02,26.6,28.3,26.5,26.9,50765,-0.0073800738007381295,27.660000000000004,29.453999999999997,32.962,0.01625927384773938,0.6127562642369023
2025-06-03,26.9,27.8,26.8,26.9,39565,0.0,27.485000000000003,29.366,32.936,0.01627798586446704,0.6127562642369023
2025-06-04,26.9,27.2,26.8,27.1,48295,0.0074349442379182396,27.355,29.29,32.895,0.016416758869821538,0.6173120728929388
2025-06-15,26.9,27.1,26.7,27.0,80622,-0.0036900369003690647,27.185000000000002,29.215999999999998,32.836,0.01641625808643616,0.6150341685649205
2025-06-16,27.0,27.7,27.0,27.6,124184,0.022222222222222365,27.125,29.15,32.7635,0.017090783658106855,0.62870159453303
2025-06-17,27.8,27.8,27.1,27.3,65117,-0.010869565217391353,27.095,29.08,32.695499999999996,0.01710548050294788,0.6218678815489753
2025-06-18,27.3,27.7,26.9,27.5,158243,0.0073260073260073,27.105,29.006,32.634499999999996,0.017203374078435613,0.6264236902050118
2025-06-19,27.5,27.8,27.4,27.6,192311,0.0036363636363636598,27.095000000000006,28.947999999999997,32.5655,0.01722781770233296,0.62870159453303
2025-06-22,27.2,27.4,27.2,27.3,137221,-0.010869565217391353,27.095,28.886000000000003,32.4895,0.01727953537848064,0.6218678815489753
2025-06-23,27.3,27.3,27.0,27.1,35699,-0.0073260073260073,27.080000000000002,28.794,32.4185,0.017292422312342678,0.6173120728929389
2025-06-24,27.3,27.6,27.1,27.2,83720,0.0036900369003689537,27.064999999999998,28.71,32.354,0.017242783391437064,0.6195899772209571
2025-06-25,27.6,27.9,27.3,27.8,135951,0.02205882352941191,27.085,28.644000000000002,32.2985,0.017479215856073812,0.6332574031890665
2025-06-26,27.6,28.2,27.5,28.1,193784,0.010791366906474753,27.125,28.58,32.25,0.01722016151125825,0.6400911161731212
2025-06-29,28.2,28.9,28.2,28.6,222591,0.017793594306049876,27.2,28.532000000000004,32.2005,0.016958218497564112,0.6514806378132123
2025-06-30,28.5,31.0,28.2,29.0,187084,0.013986013986013957,27.3,28.498,32.150499999999994,0.014226673448386256,0.6605922551252852
2025-07-02,29.0,29.0,28.6,28.8,163716,-0.006896551724137945,27.405,28.46,32.0985,0.013005014234953632,0.6560364464692487
2025-07-03,29.5,30.4,28.8,30.0,556629,0.04166666666666674,27.585,28.45,32.0525,0.01426513300284882,0.6833712984054675
2025-07-07,30.0,31.2,29.9,30.9,529056,0.030000000000000027,27.830000000000002,28.458000000000002,32.0075,0.014838762517030705,0.7038724373576315
2025-07-08,30.5,31.6,30.3,31.3,778584,0.012944983818770295,28.054999999999996,28.478,31.961,0.014351238740601477,0.7129840546697045
2025-07-09,31.4,31.5,30.4,31.0,318082,-0.009584664536741228,28.25,28.488000000000003,31.9175,0.014585091310275695,0.7061503416856498
2025-07-10,31.4,31.6,30.8,31.0,424193,0.0,28.454999999999995,28.486,31.875,0.014605261902223684,0.7061503416856498
2025-07-13,30.9,31.2,30.5,31.0,300011,0.0,28.659999999999997,28.488000000000003,31.835,0.014553813252657297,0.7061503416856498
2025-07-14,31.0,31.3,30.8,31.2,469635,0.006451612903225712,28.865,28.498,31.7975,0.014482032568029535,0.7107061503416862
2025-07-15,31.2,33.4,31.0,33.1,1126381,0.0608974358974359,29.169999999999998,28.548000000000002,31.775,0.017576897077809493,0.7539863325740325
2025-07-16,32.3,35.6,32.3,35.2,2099975,0.06344410876132933,29.55,28.644000000000002,31.764499999999998,0.02025953736039498,0.8018223234624152
2025-07-17,35.4,36.6,34.4,34.6,1467874,-0.017045454545454586,29.915,28.734,31.750999999999998,0.02049105705766604,0.7881548974943058
2025-07-20,34.6,38.0,34.6,37.8,3779654,0.09248554913294793,30.43,28.887999999999998,31.752000000000002,0.025191837676573837,0.861047835990889
2025-07-21,37.8,39.8,36.9,38.0,2028252,0.005291005291005346,30.95,29.05,31.7535,0.024694343440888226,0.8656036446469254
2025-07-22,38.0,38.8,37.3,38.3,1708446,0.007894736842105177,31.5,29.222,31.756000000000004,0.024479426779649274,0.87243735763098
2025-07-23,38.5,39.3,37.8,38.1,889583,-0.005221932114882422,32.05,29.39,31.755,0.024686482653537036,0.8678815489749436
2025-07-24,38.1,41.9,37.5,40.9,4329440,0.0734908136482939,32.735,29.61,31.773000000000003,0.026851181708479117,0.9316628701594539
2025-07-27,40.9,41.5,39.6,40.7,1797011,-0.004889975550122161,33.38,29.816,31.785500000000003,0.0269562479019245,0.9271070615034176
2025-07-28,40.8,42.1,40.7,40.9,2740368,0.004914004914004844,34.019999999999996,30.04,31.804499999999997,0.026982100446202535,0.9316628701594539
2025-07-29,41.0,41.6,40.4,40.6,1340695,-0.007334963325183352,34.620000000000005,30.244,31.8195,0.027073268868668572,0.9248291571753993
2025-07-30,40.8,41.9,39.7,41.7,998035,0.027093596059113434,35.255,30.502,31.84,0.02713861836870698,0.9498861047835998
2025-07-31,41.8,43.3,41.1,42.4,1828488,0.01678657074340517,35.935,30.792,31.872999999999998,0.026724443763961353,0.9658314350797272
2025-08-03,43.4,43.8,41.8,42.4,1719533,0.0,36.555,31.094,31.908,0.0268313368988906,0.9658314350797272
2025-08-04,42.5,42.5,40.7,41.0,1020846,-0.03301886792452824,37.06,31.357999999999997,31.935,0.028162201669490163,0.9339407744874721
2025-08-06,41.3,41.5,39.9,40.1,619072,-0.02195121951219514,37.5,31.614,31.955499999999997,0.02856469824138187,0.9134396355353082
2025-08-07,39.9,40.6,38.6,39.9,853282,-0.004987531172069848,37.94500000000001,31.864,31.9775,0.028509664845658984,0.9088838268792717
2025-08-10,40.0,40.1,38.3,38.9,966058,-0.02506265664160401,38.34,32.092000000000006,31.9985,0.029317740602513218,0.8861047835990895
2025-08-11,38.9,40.4,38.9,39.7,564528,0.020565552699228995,38.775,32.338,32.028999999999996,0.029302039628504188,0.9043280182232355
2025-08-12,40.0,40.0,38.5,38.7,298186,-0.02518891687657432,39.15,32.566,32.054500000000004,0.030093689118870028,0.8815489749430533
2025-08-13,38.5,39.0,37.4,38.0,432786,-0.01808785529715773,39.394999999999996,32.784,32.078,0.030530441987513444,0.8656036446469256
2025-08-14,38.8,39.2,38.0,38.5,188966,0.013157894736842035,39.56,33.014,32.1075,0.030527045619817866,0.8769931662870167
2025-08-17,39.0,39.7,38.2,38.6,638195,0.0025974025974027093,39.760000000000005,33.252,32.125499999999995,0.03039555265689792,0.8792710706150351
2025-08-18,39.3,39.3,38.7,39.1,507699,0.012953367875647714,39.825,33.506,32.146,0.02981856096369956,0.8906605922551263
2025-08-19,39.2,39.3,38.0,38.2,392081,-0.023017902813299185,39.834999999999994,33.75,32.1635,0.030118202824125535,0.8701594533029623
2025-08-20,38.2,38.9,37.6,37.9,357432,-0.007853403141361404,39.815000000000005,33.972,32.1825,0.030228176946881725,0.8633257403189075
2025-08-21,38.5,38.5,37.7,37.9,174846,0.0,39.805,34.187999999999995,32.203,0.030099124181027136,0.8633257403189075
2025-08-24,38.1,38.2,37.5,37.9,315111,0.0,39.655,34.408,32.2175,0.030099124181027136,0.8633257403189075
2025-08-25,38.2,40.3,38.2,40.0,773845,0.0554089709762533,39.62,34.67,32.2365,0.03132077337310466,0.9111617312072903
2025-08-26,40.1,41.0,39.3,39.6,1007941,-0.010000000000000009,39.555,34.92,32.25,0.031510243677147935,0.9020501138952174
2025-08-27,39.2,39.5,38.8,39.1,283480,-0.012626262626262652,39.480000000000004,35.162000000000006,32.265499999999996,0.030118370927868,0.8906605922551263
2025-08-28,39.2,40.8,39.1,40.5,666426,0.03580562659846542,39.42,35.42,32.2925,0.02868922898004484,0.9225512528473814
2025-08-31,40.6,41.6,40.3,40.4,989663,-0.0024691358024692134,39.32,35.681999999999995,32.326,0.02842393985719226,0.920273348519363
2025-09-01,40.8,40.9,39.9,40.3,745055,-0.0024752475247524774,39.214999999999996,35.938,32.3625,0.02322098078563125,0.9179954441913448
2025-09-02,40.3,41.4,39.9,41.1,782190,0.01985111662531036,39.22,36.208,32.3975,0.023434826132028352,0.9362186788154908
2025-09-03,41.1,43.0,41.0,41.3,1875243,0.0048661800486617945,39.279999999999994,36.488,32.426500000000004,0.023418986857189777,0.9407744874715273
2025-09-04,41.9,42.6,41.0,42.2,1536352,0.021791767554479646,39.394999999999996,36.79,32.4625,0.023619309617206076,0.9612756264236915
2025-09-07,42.6,43.5,42.1,43.1,2188547,0.021327014218009532,39.605000000000004,37.108,32.5075,0.01993538287520467,0.9817767653758556
2025-09-08,43.0,44.4,42.3,44.2,1802135,0.025522041763341052,39.83,37.436,32.553000000000004,0.020345202461852212,1.006833712984056
2025-09-09,44.5,44.8,42.8,43.2,1962104,-0.022624434389140302,40.055,37.738,32.5915,0.020868165350979812,0.9840546697038738
2025-09-10,43.0,43.5,42.0,42.3,862420,-0.02083333333333348,40.269999999999996,38.012,32.6325,0.021219705536982457,0.9635535307517096
2025-09-11,42.0,43.7,41.7,43.3,740626,0.023640661938534313,40.510000000000005,38.297999999999995,32.6805,0.021085509804718273,0.9863325740318919
2025-09-14,43.7,43.7,41.9,42.2,800775,-0.02540415704387977,40.69,38.566,32.726,0.021432803694080335,0.9612756264236916
2025-09-15,42.3,42.5,41.5,42.2,434792,0.0,40.845,38.81,32.771,0.021432803694080335,0.9612756264236916
2025-09-16,42.5,42.7,41.8,42.0,304703,-0.004739336492891044,41.035000000000004,39.032,32.811,0.020530539189853012,0.956719817767655
2025-09-17,42.3,42.4,41.4,41.5,462929,-0.011904761904761862,41.214999999999996,39.236,32.85,0.020222799399471934,0.9453302961275639
2025-09-18,41.4,41.6,40.6,40.6,271689,-0.02168674698795181,41.35,39.428,32.880500000000005,0.020628736997967016,0.9248291571753999
2025-09-21,41.4,41.7,39.5,39.6,177114,-0.024630541871921152,41.435,39.6,32.9075,0.02061021018940814,0.9020501138952177
2025-09-22,39.2,40.5,38.3,39.1,178129,-0.012626262626262652,41.39,39.762,32.935,0.020402320634708225,0.8906605922551266
2025-09-23,39.1,39.6,39.0,39.4,163226,0.007672634271099765,41.38,39.926,32.9645,0.019896312324308666,0.8974943052391813
2025-09-24,39.8,40.9,39.7,40.6,141541,0.030456852791878264,41.455,40.076,32.994,0.02027866551864213,0.9248291571754
2025-09-25,40.7,41.5,40.7,40.8,301027,0.004926108374384119,41.47,40.187999999999995,33.0285,0.02018362426939073,0.9293849658314364
2025-09-28,40.9,41.4,39.8,40.0,382497,-0.019607843137254832,41.45,40.296,33.0595,0.020569397539798192,0.9111617312072906
2025-09-29,40.5,41.4,39.6,40.9,565456,0.022499999999999964,41.480000000000004,40.358000000000004,33.0965,0.020826683317346852,0.9316628701594546
2025-09-30,41.5,41.5,41.0,41.2,198952,0.007334963325183574,41.485,40.422000000000004,33.1375,0.020315014031769954,0.9384965831435095
2025-10-05,41.3,41.3,40.4,40.5,689120,-0.016990291262136026,41.44500000000001,40.466,33.1725,0.020546183231776635,0.9225512528473818
2025-10-06,40.6,41.3,40.6,41.0,213076,0.012345679012345734,41.385000000000005,40.524,33.210499999999996,0.02061962579002998,0.933940774487473
2025-10-07,41.2,41.2,40.5,40.6,470358,-0.009756097560975618,41.26,40.518,33.2465,0.02074233019343017,0.9248291571754002
2025-10-08,40.7,40.9,40.1,40.2,150527,-0.009852216748768461,41.06,40.508,33.281,0.01827817734569167,0.9157175398633273
2025-10-09,40.9,40.9,39.0,40.0,257124,-0.004975124378109541,40.9,40.49,33.314,0.018203148516113824,0.9111617312072907
2025-10-12,40.0,40.0,38.5,38.6,231099,-0.03499999999999992,40.715,40.45,33.336,0.019190792142634718,0.8792710706150356
2025-10-13,38.7,39.4,38.5,39.1,159895,0.012953367875647714,40.505,40.398,33.3655,0.01813471488259091,0.8906605922551268
2025-10-14,39.9,39.9,38.7,39.0,140265,-0.002557544757033292,40.345000000000006,40.33,33.395,0.018134966867851036,0.8883826879271086
2025-10-15,38.8,39.0,38.4,38.6,90027,-0.01025641025641022,40.165,40.254,33.424,0.018212039921363842,0.8792710706150357
2025-10-16,40.0,40.0,38.5,38.9,87082,0.007772020725388629,40.010000000000005,40.212,33.45399999999999,0.01785896899419603,0.8861047835990904
2025-10-19,38.8,38.9,37.0,37.4,117458,-0.03856041131105403,39.805,40.157999999999994,33.482,0.019031712407416676,0.851936218678817
2025-10-20,38.0,39.0,37.1,38.0,258836,0.016042780748663166,39.675,40.12,33.513000000000005,0.018799695799762782,0.8656036446469264
2025-10-21,38.9,38.9,37.7,37.9,91231,-0.0026315789473684292,39.589999999999996,40.1,33.540499999999994,0.018216546706296587,0.8633257403189082
2025-10-22,37.8,37.9,37.3,37.7,85653,-0.005277044854881119,39.52,40.06,33.5655,0.01733520462287502,0.8587699316628719
2025-10-23,37.6,37.8,36.8,37.2,538861,-0.01326259946949604,39.41,40.03,33.5885,0.017092207418530465,0.8473804100227808
2025-10-26,37.3,37.7,36.8,36.9,548634,-0.008064516129032362,39.225,40.007999999999996,33.611999999999995,0.016837038294069084,0.840546697038726
2025-10-27,37.0,37.0,36.6,36.7,236327,-0.005420054200541924,39.019999999999996,39.972,33.6315,0.015982137312273006,0.8359908883826895
2025-10-28,36.5,37.2,36.0,36.2,381234,-0.013623978201634857,38.83,39.924,33.6515,0.015613483879026571,0.8246013667425984
2025-10-29,36.9,36.9,35.8,36.2,407265,0.0,38.595,39.86600000000001,33.6675,0.015613483879026571,0.8246013667425984
2025-10-30,37.0,38.4,36.8,37.9,498837,0.04696132596685065,38.43,39.86,33.6915,0.018268548083117654,0.8633257403189082
2025-11-02,38.0,38.3,37.4,37.5,280185,-0.01055408970976246,38.28,39.852,33.718,0.018248154645726718,0.8542141230068353
2025-11-03,37.5,37.9,36.8,36.9,166660,-0.016000000000000014,38.075,39.832,33.739,0.018078374276434606,0.840546697038726
2025-11-04,37.5,37.5,36.4,36.5,115416,-0.010840108401083959,37.870000000000005,39.804,33.757999999999996,0.01768096053953425,0.8314350797266531
2025-11-05,36.5,36.7,36.1,36.2,105274,-0.008219178082191747,37.67,39.728,33.776,0.01761264280824034,0.8246013667425984
2025-11-06,36.0,36.4,35.5,36.0,144919,-0.005524861878453136,37.47,39.656000000000006,33.7935,0.017516520425501603,0.8200455580865619
2025-11-09,35.9,37.5,34.8,35.4,161818,-0.01666666666666672,37.31,39.582,33.808,0.016510175501900322,0.8063781321184524
2025-11-10,35.9,36.0,34.4,34.9,216590,-0.01412429378531077,37.1,39.47,33.82149999999999,0.016504396193968898,0.7949886104783612
2025-11-11,35.7,35.7,34.5,35.2,125457,0.008595988538682153,36.91,39.36600000000001,33.8375,0.01645043944763513,0.8018223234624161
2025-11-12,35.9,35.9,34.0,34.4,163424,-0.022727272727272818,36.7,39.248,33.851,0.015992628525993688,0.7835990888382702
2025-11-13,35.0,35.0,33.6,33.7,188636,-0.02034883720930225,36.44,39.1,33.861999999999995,0.016017456560322517,0.7676537585421427
2025-11-16,33.5,36.5,32.0,34.6,245933,0.026706231454005858,36.3,38.966,33.882000000000005,0.016992615255014137,0.7881548974943067
2025-11-17,35.1,35.4,34.5,34.9,210546,0.00867052023121384,36.144999999999996,38.82,33.9035,0.016875383483681138,0.7949886104783613
2025-11-18,35.7,36.0,35.1,35.8,216974,0.025787965616045794,36.040000000000006,38.674,33.93,0.01776983388909833,0.8154897494305253
2025-11-19,35.8,36.5,35.6,36.4,154726,0.016759776536312998,35.975,38.518,33.96,0.01812991835638552,0.8291571753986348
2025-11-20,36.1,37.4,36.1,36.9,487943,0.013736263736263687,35.96,38.391999999999996,33.9915,0.01838489313921055,0.8405466970387259
